,Class,Confidence
0, 'sea urchin',16.674943268299103
1, 'brain coral',10.774245858192444
2," 'chiton, coat-of-mail shell, sea cradle, polyplacophore'",9.026110172271729
3, 'jellyfish',5.346360057592392
4, 'mushroom',5.180441588163376
